img125.jpg,0
img130.jpg,0
img120.jpg,0
img135.jpg,0
img145.jpg,0
img95.jpg,0
img150.jpg,0
img140.jpg,0
img90.jpg,0
img155.jpg,0
img180.jpg,0
img170.jpg,0
img165.jpg,0
img175.jpg,0
img160.jpg,0
img110.jpg,0
img105.jpg,0
img115.jpg,0
img100.jpg,0
c48f27f02f5f1812.jpg,2
69f3efa468d0004f.jpg,1
69f3efa468d8025f.jpg,1
448f27f0af5f1812.jpg,2
448fa7f0af7f1052.jpg,2
c48f2ff0af5f1052.jpg,2
38931fb52cfc8068.jpg,1
69f3efa468d8005f.jpg,1
448f27f0af5f0852.jpg,2
38f3f7b468e8806a.jpg,1
79b3ffa468c00249.jpg,1
69e3eea468d80e5f.jpg,1
69f3efa468d0005f.jpg,1
448fa770af5f1852.jpg,2
c48f27f0af5f0012.jpg,2
68d35f9527dd9469.jpg,1
71f3b524e8a06a84.jpg,1
69f3efa468c8004f.jpg,1
69f3efa468c8024f.jpg,1
69f3efa468c0005f.jpg,1
448ea7f0af5e1052.jpg,2
448f27f0af1f1852.jpg,2
448fa7f0af5f1852.jpg,2
28b317b528e8a068.jpg,1
69f3efa468c0004f.jpg,1
69f3efa468c8025f.jpg,1
69f3efa468c8005f.jpg,1
448fa770af1f1812.jpg,2
69e3efa468c8024f.jpg,1
71f7b560c0a0c8a4.jpg,1
69e3efa468c0005f.jpg,1
c60f2ff02f5f1052.jpg,2
e9f3efa468d0025f.jpg,1
448fa7f0af7f0052.jpg,2
448f27f0af5f0812.jpg,2
f9b3ffa4e8c02a49.jpg,1
448f27f0af5f1852.jpg,2
440fa7f0a77f1812.jpg,2
71f3b524e8a0ca84.jpg,1
69e3efa468c0025f.jpg,1
28f367b468e8804a.jpg,1
f9b3ffa4e8c02ac9.jpg,1
79f3efa468c0024f.jpg,1
c48f2ff0af7f1052.jpg,2
448fa7f0af5f1052.jpg,2
69e3efa468c8005f.jpg,1
78935f952fdd9469.jpg,1
448fa770af5f1812.jpg,2
c48f2ff0af5f1002.jpg,2
459caff0a1ffac3d.jpg,2
69e3efa468c8025f.jpg,1
69e3efa468d8005f.jpg,1
e9f3efa468c0004f.jpg,1
79b3ffa4e8c0024b.jpg,1
448fa7f0a77f1852.jpg,2
79f3ffa468c0024f.jpg,1
e9f3efa468c0024f.jpg,1
448faff0af7f0052.jpg,2
69e3efa468d8025f.jpg,1
c40d2fe0a77f383d.jpg,2
f9f3efa468c0024f.jpg,1
440fa7f0a77f283f.jpg,2
c48f27f0af7f0012.jpg,2
448fa7f0af5f1812.jpg,2
f9f3f7a4e8802a80.jpg,1